,model,accuracy,f1,ROC AUC
0,credit_model_2024_09_01_predictions_2024_10_01,0.7602339181286549,0.5176470588235295,0.7565392354124749
