,model,accuracy,f1,ROC AUC
0,credit_model_2024_09_01_predictions_2024_01_01,0.7707006369426752,0.5714285714285714,0.817695295640915
