,model,accuracy,f1,ROC AUC
0,credit_model_2024_03_01_predictions_2024_04_01,0.7967145790554415,0.575107296137339,0.7887955801104973
